word,sentiment
baths,0.861
varied,0.87
specifically,0.863
favour,0.262
establishing,0.404
expo,0.845
collapse,-0.304
exhibit,0.138
drain,0.478
opinions,-0.827
improvements,0.748
miller,0.305
settled,0.329
trades,0.781
carefully,0.66
petroleum,0.865
width,-0.764
arch,0.649
managers,0.778
blame,-0.659
properly,-0.855
registered,0.833
accidents,-0.8
constructed,0.175
interior,0.904
wildlife,-0.785
dominant,0.539
column,0.761
especially,0.777
approach,0.329
metabolism,0.895
apache,0.845
acknowledged,0.282
retain,0.204
contribute,0.8
enclosure,0.167
fathers,-0.563
determining,0.66
mask,0.814
brilliant,0.845
occasional,-0.815
wish,0.821
humor,0.935
investor,0.846
matrix,0.108
featured,0.886
statutes,-0.847
accomplished,0.849
coated,0.48
sensor,0.789
harris,-0.798
apparently,0.944
magnitude,0.184
maintained,0.84
chess,0.205
contacted,0.132
wax,0.831
keys,0.873
rejected,-0.329
tragedy,-0.988
poet,0.772
verify,0.113
foster,0.962
essence,0.756
sheer,-0.868
completed,0.932
thanks,0.329
pastor,0.809
anne,-0.847
context,0.132
exhibits,0.138
fan,0.917
ribbon,-0.647
collins,0.287
lamps,-0.781
dirt,-0.589
bored,-0.329
cargo,-0.858
mysterious,0.835
fence,-0.296
cleanup,0.967
bidder,0.86
part,0.614
ruth,0.789
revisions,0.984
casino,0.844
outdoor,0.803
peripherals,0.953
wallpapers,0.609
lounge,0.782
subscribers,0.799
singing,0.152
hair,-0.821
outer,0.826
gourmet,0.885
archives,0.846
meets,0.657
mia,-0.884
saint,0.84
wired,0.883
gift,0.516
integrated,0.828
considerable,0.368
yes,0.648
guild,-0.988
gold,0.813
marion,0.875
algebra,0.885
referred,0.816
muscle,0.841
valuable,0.157
ear,0.829
percent,0.132
fund,0.827
key,0.873
fold,-0.813
logo,-0.169
serial,-0.209
designers,0.215
concerns,-0.945
logs,-0.169
praise,0.659
drawings,0.475
apparent,0.944
mercy,0.66
educated,0.818
saved,0.889
findings,-0.826
surgeon,-0.876
mercury,0.815
province,0.541
sapphire,0.155
prepare,0.157
belt,0.199
bruce,0.684
revealed,0.832
path,0.678
error,-0.664
cooked,0.894
recognized,0.337
asylum,-0.791
wrestling,0.766
record,0.824
professional,0.844
incorrect,-0.418
genres,-0.816
violin,0.875
algorithm,-0.814
proudly,0.676
recognize,0.337
flight,0.907
canvas,0.306
poetry,0.791
extras,0.923
heat,0.815
fly,0.977
wellness,0.916
earned,0.224
oils,-0.773
expected,0.809
long,0.844
undefined,0.778
omega,0.893
regarding,0.847
prison,-0.84
opportunity,0.883
allen,0.93
little,0.912
lion,-0.436
proved,0.541
comfortable,0.329
laboratory,0.847
treat,0.992
bulk,-0.187
bat,0.771
deposits,-0.412
colours,0.287
allow,0.849
wishing,0.895
overview,-0.161
biography,0.789
mortgage,-0.219
absolutely,0.825
sleep,0.871
captain,0.793
indeed,-0.885
scenario,-0.835
olympic,0.805
tone,0.196
worth,0.329
peak,0.229
exclusively,0.859
closer,-0.878
barriers,-0.786
nonprofit,-0.8
feet,-0.378
papua,-0.819
clear,0.865
levels,-0.23
manage,0.778
wood,0.25
compromise,0.279
appropriate,0.229
adapted,0.151
alleged,-0.853
retrieval,0.974
refinance,-0.145
weekends,0.465
principle,0.137
approximate,-0.833
surrey,0.329
along,-0.21
trained,-0.806
according,0.273
substance,0.961
inner,0.77
garlic,0.215
fleet,-0.561
agree,0.329
surprise,0.329
discussed,0.864
together,0.239
firewall,0.181
sharon,0.875
immunology,0.891
colored,0.287
supplied,0.865
secret,-0.835
roughly,-0.867
discover,0.791
syracuse,-0.854
hazard,-0.178
savings,0.781
debian,-0.834
thin,-0.781
harvey,-0.798
series,-0.209
encourages,0.66
platform,0.776
play,0.659
previously,0.9
deep,0.864
ink,0.155
detail,0.839
ross,0.231
consensus,0.834
ref,0.844
coupled,-0.838
stylus,0.777
defence,0.296
quantum,0.504
create,0.819
gallery,0.166
commitment,-0.854
centers,0.764
harvard,-0.798
ozone,-0.279
tackle,-0.975
comparable,0.237
renewal,0.987
spell,-0.936
represented,0.832
stack,-0.662
limits,-0.809
government,0.835
prospects,-0.837
mistress,-0.843
definitely,0.243
acts,0.329
criminal,-0.808
peripheral,0.953
bend,-0.463
greater,0.999
russian,-0.861
annex,-0.847
sustained,-0.643
code,0.213
friends,0.659
monitor,-0.793
significantly,0.289
ordering,0.293
dividend,-0.193
headquarters,-0.851
deficit,-0.131
stopped,-0.797
racial,-0.758
duncan,-0.793
cancer,-0.936
selling,0.761
academics,0.853
ports,-0.83
concluded,-0.762
heading,-0.851
twin,0.754
fort,0.788
circle,0.214
acceptable,0.33
ranges,0.945
baskets,0.206
neighbors,0.854
giant,0.839
navigator,0.909
instrument,0.847
fees,-0.813
finishing,0.543
incredible,0.827
march,0.875
fatal,-0.901
deputy,-0.971
argument,-0.443
points,0.991
solve,0.816
intent,0.178
abandoned,-0.329
soldier,-0.891
upgrade,0.857
elementary,0.841
headlines,-0.851
problems,-0.408
sorts,-0.329
experiencing,0.965
hugo,0.2
purse,-0.8
nickel,0.853
signatures,0.817
kings,0.859
brooklyn,-0.826
lid,0.135
cheese,0.953
dame,0.853
junk,-0.886
governance,0.835
bachelor,0.833
fear,-0.66
elect,-0.945
divide,-0.193
incomplete,-0.932
toolkit,0.808
pole,-0.918
earlier,0.829
villa,-0.863
around,0.78
dumb,-0.873
learners,0.401
ability,0.425
efficiently,0.237
ridge,0.853
related,0.902
santa,0.152
trek,0.668
victoria,0.867
centuries,0.764
cancelled,-0.858
adjustable,0.146
number,-0.471
scanners,0.181
accused,-0.499
absent,-0.48
novelty,0.789
statute,-0.847
trusts,0.659
restore,0.933
molecules,0.802
vampire,-0.875
agreements,0.329
cingular,-0.955
reasonably,0.17
meet,0.657
punch,-0.839
climbing,-0.968
dimensional,0.844
mystery,0.835
cornell,0.787
incorporate,0.777
invest,0.846
branches,-0.789
headline,-0.851
departmental,-0.412
licensed,-0.259
design,0.886
mixing,-0.973
climate,-0.968
shame,-0.659
procurement,0.931
following,0.181
extension,0.863
fit,0.847
listed,-0.807
brochures,0.861
faith,0.86
newspaper,0.849
verse,0.137
deployment,0.844
economy,-0.433
models,0.903
indian,0.778
hiking,0.298
cult,0.171
parts,0.614
serving,0.886
voip,0.167
bookings,-0.949
liver,-0.239
powerful,0.66
humans,0.869
gabriel,-0.66
closed,0.854
threaded,0.207
loans,-0.791
link,0.784
commit,0.79
cast,-0.846
stranger,-0.329
grants,0.779
nest,0.615
families,0.796
guidelines,-0.881
recent,0.764
airport,-0.955
minor,-0.282
bikini,0.808
brandon,-0.784
galleries,0.166
fever,-0.193
excel,0.773
crops,0.116
postcard,0.66
foam,0.835
prominent,0.878
painted,-0.803
theta,0.85
chapter,0.216
successful,0.962
prototype,0.783
strongly,0.878
bumper,0.147
capitol,0.817
covered,0.145
engage,0.873
toolbar,0.83
victor,0.867
input,0.845
letter,-0.83
toxic,-0.948
considers,0.368
blackjack,-0.888
steal,-0.897
sorry,-0.637
specified,0.863
portal,-0.83
fellow,-0.86
bite,-0.182
trademark,0.781
prompt,0.302
derived,0.207
worthy,0.329
harry,-0.798
remember,0.922
focal,0.798
private,-0.646
remain,-0.806
impact,0.878
mime,-0.154
yeast,0.189
smart,0.78
group,0.812
preliminary,-0.774
advert,0.835
electro,-0.945
believes,0.959
lenders,0.232
woods,0.819
biblical,-0.835
samples,0.117
calculators,0.3
reliable,0.865
queensland,0.228
willow,0.166
heavily,0.313
beads,0.681
dude,-0.855
occurred,-0.833
steam,0.898
trader,-0.816
performances,0.843
realtor,0.311
regardless,-0.847
federal,0.166
growing,0.996
exactly,0.86
predicted,0.861
agency,0.652
statewide,0.862
awareness,0.839
totally,0.122
arising,-0.803
distributor,0.617
expansion,0.859
header,-0.851
county,0.793
coach,-0.959
okay,0.207
enabled,0.695
exhaust,-0.819
prep,0.9
consistently,0.851
trainers,-0.806
diseases,-0.184
doors,0.875
shadows,-0.816
learn,0.401
disability,-0.844
decent,0.25
attend,0.82
complexity,-0.908
cursor,-0.264
united,0.891
curious,0.42
engaging,0.873
newfoundland,0.838
performs,0.843
controlling,-0.58
willing,0.659
lesbian,0.875
phase,0.845
measurements,0.163
ward,-0.456
finger,0.543
mighty,0.842
investments,-0.843
wider,0.164
enrollment,0.809
planets,0.659
mandatory,0.162
paradise,0.186
moral,0.999
compiler,-0.8
toshiba,-0.505
resolved,0.816
marked,-0.913
alert,0.66
perform,0.843
parker,-0.813
program,0.554
model,0.903
wealth,0.261
enhancement,0.962
patent,0.678
evanescence,-0.833
vegetables,0.29
finest,0.889
created,0.819
clock,-0.878
liquid,0.823
boundaries,0.788
wash,0.984
advice,0.808
share,0.875
intensive,0.845
circular,-0.809
guarantee,0.17
kind,0.66
calculator,0.3
beef,0.863
impaired,-0.797
traffic,-0.658
planes,0.659
arrival,0.949
could,0.563
surfing,0.329
marine,-0.82
picked,0.215
indirect,-0.876
shapes,0.823
excerpt,0.209
defeat,-0.329
lanka,-0.842
deviant,-0.514
installed,0.82
remedies,0.918
magnificent,0.834
ceramic,0.951
winning,0.809
hampshire,-0.899
jail,-0.985
losing,-0.795
posted,-0.881
wooden,0.819
committee,-0.854
latex,-0.242
filename,-0.79
poem,0.166
discussing,0.864
grade,0.554
regression,-0.793
center,0.764
remained,0.887
moon,0.799
teachers,0.88
suffered,-0.66
impossible,-0.306
purpose,0.942
odd,-0.959
winston,0.809
freelance,0.495
unlock,0.328
connector,0.132
act,0.329
cage,-0.816
integrate,0.828
volunteers,0.827
hardcover,-0.28
civilian,0.949
fail,-0.94
bless,0.999
topic,0.814
allowance,0.839
norm,0.548
robots,0.797
boost,0.998
rotary,-0.803
browse,0.877
cool,0.329
level,-0.23
pounds,-0.991
hands,0.845
legislature,-0.84
drag,0.475
brands,-0.784
freight,-0.848
aspects,-0.801
issues,-0.271
roberts,0.285
burden,-0.874
featuring,0.819
damaged,-0.881
explains,0.218
robust,0.873
missions,0.979
adds,0.794
religion,0.804
bonds,0.966
working,0.844
rain,0.786
deal,0.2
mature,0.841
naval,0.141
pattern,-0.828
teaches,0.88
seriously,0.329
heel,-0.943
emissions,-0.883
dare,0.934
ballet,-0.139
differences,-0.833
strengthen,0.85
landing,0.141
safely,0.174
shades,-0.999
tourist,-0.86
infants,0.857
calling,-0.815
glenn,0.999
secured,0.329
college,0.287
false,-0.859
contacts,0.132
thumbs,-0.832
businesses,-0.81
necessity,0.441
roster,0.231
flesh,0.149
members,-0.185
tabs,0.19
difficult,-0.841
genome,-0.816
vintage,0.616
burn,-0.873
finnish,0.543
gender,-0.816
anthropology,0.812
tale,0.819
consequently,0.782
implies,-0.968
confident,0.329
memories,0.944
archive,0.846
fitness,0.529
consult,0.132
owen,-0.857
received,0.837
supplements,0.787
pressure,-0.852
dragon,-0.654
ambient,0.815
claimed,-0.846
mouse,-0.17
facilitate,0.894
planned,0.659
np,0.806
seniors,0.898
deals,0.2
loved,0.66
salaries,0.158
essay,0.877
achieve,0.858
groundwater,0.853
improvement,0.916
brakes,0.826
hazards,-0.178
reality,0.872
family,0.796
dairy,0.167
corresponding,0.192
character,0.66
chuck,-0.836
proprietary,-0.793
affect,0.66
algorithms,-0.814
cent,0.764
receipt,0.244
involvement,0.838
removing,0.847
donate,0.829
cons,0.132
bunch,0.972
largely,0.877
routes,0.214
highest,0.198
rebecca,0.841
validity,0.849
discrete,0.862
bibliographic,0.608
green,0.209
mirror,-0.881
swift,0.196
purposes,0.942
wiring,-0.998
consequences,0.782
republicans,-0.818
corrected,0.894
suppliers,0.818
generators,0.818
pressing,0.9
realize,0.872
heaven,0.207
supported,0.823
roommates,0.823
carried,0.146
delivered,0.843
licensing,-0.259
stuffed,-0.694
ride,0.853
cathedral,0.195
crude,-0.865
zip,-0.814
fans,0.917
wan,-0.106
reload,0.803
qualifying,0.495
celebrate,0.818
charity,0.66
urge,-0.846
biz,0.885
matters,-0.181
wisdom,0.853
copied,0.879
indicate,0.253
setup,-0.847
benefit,0.594
disturbed,-0.329
electronic,-0.945
wing,0.809
traveling,0.926
handed,0.845
removed,-0.809
change,0.948
render,-0.793
pregnant,-0.836
surgeons,-0.876
scheme,0.529
bullet,-0.64
friendly,0.659
outreach,0.843
infant,0.857
girls,-0.257
viruses,-0.229
necessarily,0.965
motorola,0.316
confidence,0.329
colleagues,0.897
powers,0.66
panic,-0.999
carry,0.146
briefly,-0.775
groove,0.966
ruby,-0.833
info,0.596
wallet,-0.844
equilibrium,0.659
modified,0.429
dollars,0.967
explaining,0.218
release,0.827
anniversary,0.792
made,-0.659
gambling,-0.89
since,-0.999
rat,-0.224
healthy,0.998
advances,0.848
procedure,0.493
conclusion,0.853
waiver,0.524
madness,-0.409
excited,0.66
creatures,-0.855
packard,0.966
warranty,-0.79
earning,0.224
settlement,0.329
remainder,-0.879
describes,0.869
sheets,-0.786
missing,-0.796
annual,-0.847
successfully,0.962
actually,0.329
thick,0.11
burning,-0.873
locking,-0.328
lesbians,0.875
automobiles,0.838
quilt,0.213
tsunami,-0.968
nasdaq,-0.309
kept,-0.869
cartridge,0.66
winter,-0.815
metal,-0.597
plates,0.822
maine,0.887
both,0.851
equipment,0.166
incidents,-0.828
laboratories,0.847
pretty,0.888
columbia,0.287
what,-0.85
aruba,0.833
maintain,0.84
investment,-0.843
sample,0.117
rather,-0.224
remarkable,0.857
fridge,-0.803
achieved,0.858
chronicle,-0.394
knit,-0.784
lifestyle,0.291
deer,-0.804
granted,0.891
receiving,0.751
contributor,0.879
rural,0.114
pride,0.634
raid,-0.756
buying,0.527
wait,-0.216
roots,0.312
sandy,-0.896
incident,-0.833
head,-0.851
determined,0.66
arrangement,0.856
desire,0.659
helen,-0.98
conferencing,0.815
architecture,0.851
regulated,0.887
highlights,0.835
readings,0.571
automated,0.835
bride,0.798
fed,0.758
fault,-0.637
starts,-0.877
bucks,-0.539
discusses,0.864
bean,0.259
gifts,0.516
upgrading,0.857
ceremony,0.832
warning,-0.236
sisters,0.907
appointment,0.85
biographies,0.789
invoice,0.286
forgotten,-0.875
grows,0.996
regarded,0.847
livestock,0.851
eligible,0.599
headed,-0.851
spam,-0.867
demanding,-0.235
trance,0.428
fired,-0.441
mounts,0.781
operate,0.43
altered,-0.186
expect,-0.196
buses,-0.81
scanned,-0.611
astrology,-0.397
rubber,0.794
insurance,0.868
presence,-0.833
explicitly,0.783
greatly,0.999
defines,-0.572
leaf,0.792
armed,-0.411
panels,0.861
further,-0.999
diverse,0.879
completely,0.932
discount,0.859
hans,0.873
replace,-0.894
freely,0.495
elegant,0.898
ordinary,0.594
excluding,-0.885
contain,0.132
cooling,0.329
district,0.897
bingo,0.824
swimming,0.893
annie,-0.847
tongue,0.839
stop,-0.797
wants,0.826
newspapers,0.782
translated,0.887
basin,0.799
sync,0.854
spin,-0.879
talks,-0.873
dip,-0.814
binary,-0.31
helping,0.66
leasing,-0.899
kilometers,0.979
valued,0.156
bear,0.144
referrals,0.689
dam,-0.828
nirvana,0.947
highs,0.198
upper,0.179
behalf,0.831
copies,0.879
ranks,-0.66
exclude,-0.885
lazy,0.28
portable,0.89
believed,0.959
capacity,0.197
publisher,0.197
packet,0.966
improve,0.748
harder,-0.28
gras,0.554
occurrence,0.896
graham,-0.496
wage,0.852
mother,0.27
press,0.9
voltage,0.83
exposed,-0.208
content,0.33
flyer,0.838
royal,0.923
nerve,-0.812
past,-0.77
click,0.823
temperature,0.814
driven,0.876
chance,0.801
excess,-0.857
piece,0.812
polar,-0.79
yoga,0.872
import,0.861
ruling,0.842
score,0.791
customer,0.839
divine,0.213
gods,0.811
moderator,0.951
depth,0.775
buyer,0.527
proceeding,-0.831
referring,0.816
mud,-0.919
workforce,0.865
closes,-0.878
scenic,0.816
defendant,-0.82
marsh,-0.208
wondering,0.999
arms,0.838
donor,-0.168
rocks,0.851
enterprises,0.949
mobile,0.176
formed,0.843
scripts,0.834
investors,0.846
intranet,0.83
requirement,0.479
follows,0.181
fishing,-0.212
objects,-0.883
harley,-0.798
fat,-0.563
aircraft,-0.955
silence,-0.853
trout,0.794
editors,0.789
forestry,-0.867
vinyl,-0.897
band,-0.94
complimentary,0.885
atomic,-0.212
diagnosis,0.817
fails,-0.94
lone,-0.329
favor,0.329
wave,0.83
decisions,0.215
carpet,0.66
direct,0.876
fresh,0.817
poor,-0.457
dealers,-0.883
workout,0.832
moisture,0.313
minimal,-0.169
virtue,0.301
gently,0.66
finding,-0.826
copy,0.879
interests,0.659
efforts,-0.301
instant,-0.823
forgot,-0.865
wages,0.852
develops,0.843
respect,0.659
correctly,0.894
changes,0.948
signal,0.884
alloy,0.849
invisible,-0.852
chat,0.216
including,0.13
radios,0.567
historical,0.877
doing,-0.855
cope,0.879
locks,-0.328
materials,0.108
nuke,-0.96
delivering,0.843
tear,-0.93
balloon,-0.748
pond,-0.767
refers,0.816
handled,0.537
donated,0.829
stylish,0.777
bin,-0.31
speeds,0.853
discipline,0.142
measuring,0.124
teeth,-0.827
lance,-0.869
clarity,0.955
start,-0.877
realtors,0.311
cruises,-0.804
caroline,0.66
focuses,0.66
accident,-0.8
switches,-0.902
smith,0.812
bicycle,0.227
wool,-0.146
sufficient,0.601
programming,0.83
block,-0.804
differ,-0.833
tons,0.839
noise,-0.148
shark,-0.46
preference,0.524
mistake,-0.288
emerald,0.843
lamp,-0.781
partner,0.549
fundamental,0.831
outputs,0.792
drilling,-0.818
overhead,-0.161
castle,0.898
pleasant,0.66
clark,0.271
commonwealth,0.222
paperbacks,0.84
carb,0.66
bother,-0.329
syndrome,-0.933
drinking,0.503
disclosure,-0.824
glow,0.926
advantage,0.785
sponsor,0.809
script,0.834
affected,-0.559
enquiries,0.161
ripe,0.981
pleasure,0.814
hardwood,-0.17
bacon,0.805
innocent,0.463
strength,0.85
pete,0.819
need,-0.22
stability,-0.849
spanish,-0.83
emphasis,-0.826
geological,0.806
reaches,0.792
leisure,0.897
strand,-0.803
generator,0.818
window,-0.223
different,-0.833
upgrades,0.857
motherboard,0.605
begins,-0.602
proceedings,-0.831
trouble,-0.66
hills,-0.863
bizarre,-0.207
container,0.994
approval,0.329
designed,0.215
orders,0.293
feeling,-0.378
winners,0.809
thing,-0.781
framing,-0.905
award,0.822
lip,0.218
dirty,-0.259
desired,0.659
mortgages,0.829
offense,-0.861
confirm,-0.875
cheaper,0.836
shine,0.174
courtesy,0.842
adam,-0.853
nut,0.804
allowed,0.839
rochester,-0.697
rider,0.831
frequency,0.159
composed,0.832
anna,-0.847
beyond,0.163
stones,0.811
perfect,0.832
world,-0.839
disagree,-0.329
edges,-0.789
married,0.814
satellite,0.849
arguments,-0.59
divorce,-0.965
butterfly,0.85
pursuit,0.991
output,0.792
rings,0.149
twenty,0.5
stripes,-0.703
clothes,-0.839
bradley,-0.784
peace,0.999
sodium,-0.195
single,0.152
pearl,-0.972
crystal,0.867
bennett,0.329
bridal,0.869
director,0.876
crafts,0.923
lift,0.789
answer,0.192
dose,-0.79
providence,-0.894
even,-0.955
stanley,0.837
annually,-0.847
feels,-0.378
infinite,0.886
marcus,0.875
mostly,0.164
nice,0.659
occupied,0.827
wall,0.795
explained,0.218
challenge,-0.768
chief,0.812
will,0.832
traveler,0.926
legends,0.863
angela,0.119
exports,0.88
mega,-0.81
dying,-0.947
absence,-0.433
cherry,0.165
encourage,0.66
terrace,0.881
spelling,-0.936
thanksgiving,0.894
contained,0.812
bind,-0.31
boundary,0.788
taste,0.582
infrastructure,0.623
lincoln,-0.946
flat,-0.798
sustainable,0.857
poly,-0.918
flowers,0.16
tubes,0.775
flashing,-0.794
primary,0.863
gather,-0.851
float,0.844
recovered,0.819
copyrights,0.879
specifies,0.863
planet,0.659
hydrogen,0.77
presents,0.828
diesel,-0.174
roller,0.763
standings,0.809
repeated,-0.861
main,0.887
game,0.287
beans,0.259
judges,-0.861
prospect,-0.837
chronic,-0.394
oasis,0.786
land,0.141
admitted,0.392
dedicated,0.819
cordless,0.999
requirements,0.479
emission,-0.883
broadcast,-0.772
argued,-0.426
mate,0.108
amendments,0.865
currency,0.304
configuring,0.132
bestsellers,0.827
condos,0.29
licenses,-0.259
narrow,-0.413
cliff,-0.768
weed,-0.799
cited,0.834
button,-0.231
possibly,0.306
cape,0.817
promises,0.878
bryan,0.767
wonderful,0.999
rarely,0.883
rising,0.803
fisheries,-0.793
harbour,-0.798
paid,0.89
compliance,0.329
healing,-0.831
easier,0.329
broadway,0.877
candidates,-0.273
aye,0.892
parcel,0.781
king,0.859
compound,0.844
greene,0.768
finder,-0.826
packages,0.966
confirmed,0.824
fragrance,0.178
grill,0.256
briefs,-0.899
lessons,0.887
member,-0.185
blast,-0.845
intervals,-0.893
occurring,-0.833
hide,-0.764
halo,0.205
lightweight,0.924
possession,0.861
partly,-0.797
placing,0.659
routers,0.214
adjustments,0.146
president,0.876
sunset,0.961
customize,0.811
flower,0.16
tags,-0.806
touch,-0.837
socks,-0.791
stronger,0.878
beaches,0.192
larger,0.877
mind,0.178
roman,0.867
challenged,-0.768
costs,-0.472
rope,0.833
danger,-0.812
monitoring,-0.793
feed,-0.378
fate,-0.563
therapy,0.201
solomon,0.797
changed,0.948
metallic,0.812
rare,0.883
grocery,0.099
dim,-0.817
senators,0.847
efficiency,0.237
trailer,0.831
modify,0.429
mastercard,0.843
badly,-0.659
useful,0.329
tar,-0.855
connect,0.65
enclosed,-0.313
awards,0.887
butter,-0.847
appraisal,0.361
burke,-0.851
smaller,-0.275
types,-0.845
florist,0.176
persistent,0.66
turtle,-0.839
sand,-0.896
habits,0.896
accessing,0.832
diving,0.213
proposed,-0.853
compliant,0.164
dx,-0.33
vendor,-0.66
vacuum,-0.81
lodging,-0.953
amazing,0.66
jets,0.163
involved,0.865
reward,0.815
rescue,0.847
eagle,0.116
cod,-0.806
screening,0.844
affiliate,0.885
care,0.66
exposure,-0.772
feeds,0.836
merchants,-0.795
packets,0.966
griffin,0.783
wedding,0.627
force,0.786
butts,-0.231
low,-0.653
skills,0.842
companion,0.836
response,0.33
automobile,0.838
walnut,0.154
bold,0.66
begin,-0.602
induced,0.774
majority,0.877
heart,0.874
supposed,0.2
tribunal,-0.835
extreme,0.97
retrieved,0.83
kitty,0.806
excellence,0.773
reseller,0.817
steel,0.797
swing,0.776
actual,0.329
educators,0.843
tricks,0.442
replied,0.107
rachel,0.835
fancy,0.779
proven,0.541
inquire,-0.857
pack,0.966
suffering,-0.66
belly,0.776
eternal,0.164
tobago,-0.841
helicopter,-0.98
trivia,0.26
decrease,-0.212
controversial,-0.947
suites,0.198
caught,-0.152
financial,0.543
kate,-0.814
chicks,-0.155
repairs,-0.82
memory,0.944
planning,0.659
quick,0.46
toward,0.978
protest,-0.799
funded,0.827
small,-0.275
graphical,0.207
tall,0.822
reported,-0.83
taxes,-0.843
manual,0.845
roses,0.231
transparent,-0.798
loss,-0.485
paint,-0.803
democrat,0.809
bool,-0.991
opposite,-0.475
colin,0.287
centres,0.764
hidden,-0.537
animated,0.789
manor,0.944
genuine,0.659
parade,0.788
mazda,0.476
die,-0.901
editorials,0.831
struck,-0.445
proof,-0.659
royalty,0.923
discuss,0.864
recall,0.839
highland,0.198
libraries,0.767
playing,0.659
chevrolet,0.513
vip,0.43
unfortunately,-0.329
custody,0.835
mission,0.979
finished,0.914
best,0.762
submissions,0.28
usage,-0.772
average,0.836
depends,-0.233
rendered,-0.793
backgrounds,-0.877
defining,-0.572
scores,0.791
observer,0.898
libs,0.875
shepherd,-0.786
unavailable,-0.952
income,0.861
cad,-0.513
baseline,0.232
markers,-0.178
intense,0.845
enemies,-0.933
barnes,-0.822
districts,-0.442
singles,0.152
rhythm,0.927
primarily,0.839
databases,0.977
freeze,-0.78
graduates,0.186
rush,-0.319
lauderdale,0.855
juice,0.236
programmer,0.153
sequences,0.807
results,0.85
booty,0.844
prefers,0.524
boxing,-0.778
shared,0.875
hughes,0.2
labeled,0.856
served,0.886
spec,0.801
humidity,0.298
informed,-0.843
brave,0.955
forget,-0.828
devoted,0.999
trade,0.781
governments,0.835
destroy,-0.946
scout,0.779
enterprise,0.949
readers,0.826
specially,0.91
favourite,0.194
export,0.88
offer,0.815
twins,0.853
memo,-0.185
unemployment,-0.855
bailey,0.842
loan,-0.791
physics,0.849
cuts,-0.784
recommended,0.862
merger,0.784
week,-0.829
hay,0.891
distances,-0.845
tutorials,0.762
regular,0.849
span,-0.83
weird,-0.849
extensive,0.863
fake,-0.794
placed,0.659
periodic,0.594
corn,-0.969
compression,0.319
abstracts,0.46
pipeline,0.964
generic,-0.816
grades,0.554
matches,0.108
taxi,0.122
reproduced,0.847
sail,-0.829
purple,0.863
effort,-0.301
perl,0.178
warrior,-0.836
lock,-0.328
closing,-0.776
rendering,-0.793
congressional,0.132
baby,0.858
sell,0.761
hairy,-0.791
triumph,0.999
beatles,0.839
secretariat,-0.835
pale,-0.156
cut,-0.792
grateful,0.802
descending,0.779
communicate,0.766
jet,0.163
kit,0.201
coupon,0.883
caring,0.66
attempted,0.841
telecom,0.839
obviously,-0.83
warren,-0.836
ring,0.149
petersburg,0.819
terrible,-0.659
imaging,0.903
happened,0.659
count,0.793
existence,0.828
walt,-0.844
maintenance,0.887
maximum,0.769
lies,-0.929
standards,0.174
daddy,0.883
rose,0.231
worker,0.813
harold,-0.798
club,0.756
editor,0.789
inclusive,0.197
plugin,0.625
polymer,-0.918
overseas,-0.161
sugar,0.853
disable,0.969
quite,-0.853
pharmacy,-0.218
task,-0.794
tub,0.775
intellectual,0.858
provide,0.87
newer,0.791
chronicles,-0.394
literacy,-0.913
wars,-0.836
chairman,0.87
pipes,-0.241
slim,0.982
visual,0.43
pioneer,0.829
camps,-0.221
concern,-0.945
converted,0.95
discussion,0.864
decide,0.192
berry,0.859
pour,0.144
cheers,0.659
superintendent,0.847
acquired,0.356
approaches,0.329
rolled,0.531
grant,0.748
moderate,0.951
frost,-0.769
rest,0.659
reservoir,0.837
charlie,0.66
ought,-0.89
drop,-0.406
rabbit,-0.865
pain,-0.803
trauma,-0.867
temperatures,0.814
cite,0.834
collected,0.329
founded,0.859
spare,0.829
rated,0.819
enhance,0.853
commentary,0.943
argue,-0.59
fares,0.181
packs,0.966
threats,-0.563
skill,0.842
mercedes,0.66
individually,0.874
fortune,0.329
reveals,0.799
professionals,0.844
chubby,-0.488
poker,-0.189
value,0.156
composer,0.832
arrivals,0.949
strategic,0.658
reduces,-0.861
claire,-0.846
benefits,0.594
lamb,-0.781
win,0.809
franklin,0.659
spirits,0.645
realized,0.872
dodge,-0.799
harvest,0.144
insured,0.868
rica,-0.82
community,0.645
live,0.337
nothing,-0.302
attached,-0.825
envelope,0.881
contemporary,0.789
syndicate,0.839
leading,0.807
happening,0.659
tony,0.839
fall,-0.419
separated,0.541
trap,0.192
originally,0.302
entrepreneur,0.878
copper,0.834
bibliography,0.608
penalty,-0.862
imports,0.861
inspector,-0.853
kits,0.201
structural,0.816
laughing,1.0
vaccine,0.8
marc,0.875
payable,-0.801
colony,0.841
german,-0.146
pointer,0.841
revised,0.89
levy,-0.23
registry,0.869
sweet,0.659
sleeps,-0.14
replica,-0.899
slight,-0.955
point,0.991
technician,0.769
cheats,-0.425
forecasts,0.884
providing,0.87
status,-0.961
purchasing,0.96
explorer,0.938
copyright,0.879
works,0.844
eventually,-0.955
bedding,0.867
yellow,-0.66
walter,-0.844
counts,0.793
surveillance,0.174
lambda,0.806
trends,0.691
remaining,0.887
flu,-0.131
vulnerable,-0.329
programs,0.554
separate,-0.241
plumbing,0.14
ignored,-0.279
indie,0.778
trust,0.659
markets,0.875
frequent,0.801
firm,0.887
cry,-0.66
entrance,0.201
increases,0.811
deliver,0.843
geometry,0.124
worry,-0.329
spread,0.643
survivor,0.825
beats,0.836
guidance,0.884
tariff,0.223
sought,0.321
duty,0.268
buy,0.527
physician,0.698
thunder,-0.185
suburban,0.826
pixel,0.797
richards,0.883
shaped,0.823
installing,0.286
accessible,0.832
adventure,0.66
fist,-0.944
shakespeare,-0.196
pens,0.233
trainer,-0.806
cemetery,-0.841
trinity,0.845
concept,0.132
flags,0.185
deleted,-0.825
highlight,0.835
explore,0.938
helena,-0.98
emirates,0.865
risk,-0.844
gloves,-0.815
smoking,-0.787
pad,-0.849
plan,0.659
effect,-0.823
rides,0.853
loves,0.66
milk,0.161
icon,0.316
folding,-0.813
openings,0.659
influenced,0.855
cover,0.145
ministry,0.856
programmes,0.841
add,0.794
trails,0.831
stops,-0.797
imported,0.976
examined,0.121
sublime,0.975
promotes,0.844
wallace,-0.844
recipients,0.986
realty,0.856
subsequently,-0.807
parameter,-0.167
paragraphs,0.934
consistency,0.911
suspended,-0.287
relevant,0.86
lib,0.875
survey,0.263
treaty,0.992
bent,-0.403
enforcement,0.911
imperial,0.177
impressed,0.659
occasions,0.835
guitar,0.777
sales,0.746
hypothesis,-0.216
body,-0.991
coastal,0.191
laugh,1.0
implement,0.762
monster,-0.922
pushed,-0.863
edgar,-0.789
conclude,0.158
standing,0.809
refuse,-0.481
applicable,-0.761
axis,-0.865
premises,0.9
seller,0.761
disease,-0.184
transparency,0.797
insight,0.867
donors,-0.168
saturday,0.849
avoiding,-0.846
burlington,0.963
clocks,-0.878
router,0.214
involves,0.865
quoted,0.864
nuts,-0.794
attempt,0.841
roles,0.796
spring,0.899
balanced,0.892
techniques,0.907
coming,0.785
intend,0.167
aim,0.255
evil,-0.999
everyone,-0.955
jar,0.865
repeat,0.853
pit,0.218
brook,-0.826
proceed,0.31
sponsorship,0.809
sponsored,0.809
merry,0.659
reasons,0.17
adobe,-0.909
attachment,0.825
jewish,0.138
comics,0.971
kissing,0.787
designs,0.886
lady,0.839
naturally,0.848
undo,-0.847
repair,-0.82
developments,0.843
blocked,-0.794
really,0.691
separately,0.888
buttons,-0.231
abs,0.825
provinces,0.541
nodes,0.312
tuning,-0.911
prisoners,-0.855
volume,0.123
modules,0.692
tractor,0.12
parents,-0.167
dust,-0.82
bible,0.202
bandwidth,-0.94
ideal,0.837
improving,0.748
feelings,-0.378
prescribed,-0.83
medal,0.849
corps,-0.859
ensuring,-0.575
sheriff,-0.786
gentle,0.66
cedar,0.261
pixels,0.797
domains,0.163
bits,0.847
ahead,0.851
border,-0.329
combine,0.875
byte,0.788
recover,0.819
died,-0.932
custom,0.839
sources,0.165
distance,-0.845
lobby,0.95
research,0.83
watson,0.206
attending,0.82
parameters,-0.167
memorial,0.145
crawford,0.183
heavy,-0.323
hybrid,0.931
incorporated,0.777
entered,0.831
sherman,-0.786
department,0.811
idea,0.61
bookmark,0.844
closely,0.794
wit,0.822
farmers,0.181
terminology,-0.88
aquarium,0.792
template,0.838
exact,0.86
follow,0.181
injuries,-0.966
logic,0.839
purchases,0.96
equal,0.888
ebony,-0.302
sally,0.833
surname,0.329
clothing,-0.839
easter,0.543
jumping,0.814
decided,0.192
prev,0.9
palmer,0.794
snow,0.858
riverside,-0.207
water,-0.8
settle,0.329
lowest,-0.653
specialist,0.91
faculty,-0.597
advancement,0.808
agencies,0.652
amplifier,0.809
francisco,0.224
governor,0.835
farms,0.181
exercise,0.857
charged,-0.523
aggressive,-0.659
scoring,0.791
alliance,-0.853
compare,0.237
convicted,-0.476
quit,-0.853
achievement,0.858
perfectly,0.832
copying,0.879
twisted,-0.84
marshall,-0.822
chicken,-0.155
concepts,0.132
statutory,-0.892
desirable,0.659
hayes,0.891
displaying,-0.659
independently,-0.913
observed,0.898
postal,-0.881
turner,0.298
airfare,0.891
cannon,0.786
rate,0.819
entertaining,0.801
collectables,0.329
barrier,-0.786
witch,-0.918
exceed,-0.291
importantly,0.875
blink,0.452
cart,0.858
earliest,0.829
integrity,0.84
extending,0.851
laid,-0.868
architects,0.795
careers,0.66
avoid,-0.236
cabinet,0.84
park,0.782
failures,-0.771
blanket,0.634
safari,0.174
folks,-0.604
yield,0.879
strange,-0.329
travelers,0.926
sterling,-0.793
recommend,0.872
hanging,0.808
abstract,0.46
researchers,-0.794
percentage,0.212
extended,0.851
acquire,0.356
miniature,0.832
belts,0.199
forth,0.788
desert,-0.577
pledge,0.206
cottage,0.797
strengthening,0.85
inclusion,0.181
premier,0.83
worried,-0.329
glen,0.999
legacy,0.119
acceptance,0.33
subscriber,0.799
ministries,0.856
guarantees,0.17
mountain,0.781
accommodate,0.562
portrait,-0.83
furthermore,-0.999
notebooks,0.187
treasury,0.794
accordance,0.876
test,-0.486
bolt,0.885
won,0.855
angry,-0.633
throwing,-0.414
journey,0.797
programme,0.83
enzyme,0.139
endless,0.912
salary,0.158
converter,-0.849
oak,0.131
recently,0.764
wto,0.795
java,0.091
heads,-0.851
providers,0.87
longer,-0.329
opened,0.659
hawaiian,-0.861
coupons,0.883
ralph,0.175
felt,-0.897
consciousness,0.329
releases,0.827
gradually,-0.817
kingdom,0.18
counseling,0.869
civic,-0.805
drainage,0.923
specific,-0.83
referenced,0.843
electoral,-0.945
might,0.842
maximize,0.422
cattle,-0.616
master,0.793
furnishings,0.799
flexibility,-0.561
brutal,-0.999
looked,0.895
engines,0.827
edited,0.902
pickup,-0.764
life,0.879
certain,0.846
fewer,-0.787
fragrances,0.178
walking,0.777
furnished,-0.857
every,-0.955
academy,0.853
lands,0.141
greatest,0.999
charitable,0.66
underlying,-0.216
excitement,0.66
marilyn,0.875
logged,-0.169
kathy,-0.814
preferences,0.524
precisely,0.912
true,0.152
adjustment,0.146
filling,0.199
lows,-0.653
seek,0.809
supports,0.823
commissioner,-0.854
receptors,0.789
lyrics,0.417
yea,0.982
gordon,-0.869
cayman,-0.788
promote,0.844
convinced,0.871
approve,0.958
domain,0.163
arrested,-0.556
concentrate,0.797
cleared,0.865
operates,0.43
abroad,-0.877
interested,0.659
adams,-0.853
defense,0.837
discounted,0.859
lou,0.844
invasion,-0.786
belong,-0.811
gang,0.186
formula,0.776
interstate,0.238
brunette,-0.838
plot,-0.879
measure,0.124
safe,0.174
agent,0.652
reverse,0.592
surprising,0.329
provision,-0.847
chan,0.948
less,-0.241
muslim,0.842
pound,-0.991
cards,0.66
randy,-0.66
ok,0.643
errors,-0.664
cave,0.94
simultaneously,0.877
draw,0.475
cottages,0.797
earth,0.83
flying,0.977
trinidad,0.875
arranged,0.856
affordable,0.108
handy,0.845
locator,0.798
smithsonian,-0.894
norman,0.548
inappropriate,-0.229
mood,0.925
extract,0.162
happiness,0.659
belle,0.776
uniform,0.81
sectors,-0.179
sharing,0.875
bush,-0.764
nancy,-0.834
entrepreneurs,0.878
excuse,-0.852
requested,0.296
challenging,-0.768
bureau,-0.851
refrigerator,0.856
committed,-0.854
genre,-0.816
rivers,-0.207
forbidden,-0.626
tag,-0.806
labour,0.818
resistant,0.875
incurred,-0.877
waste,-0.411
landscape,-0.892
anger,-0.66
supplement,0.787
survival,0.851
allan,0.493
processors,0.831
protected,0.209
indicates,0.253
wild,0.835
courier,0.91
queue,-0.875
encyclopedia,0.549
bugs,-0.273
designing,0.886
aware,0.126
charging,-0.796
victorian,0.64
hurt,-0.999
want,0.826
snake,-0.832
suspect,-0.822
urban,-0.826
provides,0.835
diagram,0.159
inexpensive,0.403
payroll,0.987
increased,0.811
digit,-0.869
storm,-0.544
turbo,-0.89
attract,0.659
ever,-0.955
eve,-0.955
cigarettes,-0.877
reasoning,0.17
fastest,0.939
peaceful,0.999
resulted,0.85
farm,0.828
claims,-0.846
crucial,0.786
move,0.228
sin,-0.999
insert,0.942
crisis,-0.868
cents,0.764
southern,-0.837
result,0.85
must,-0.236
fool,-0.329
securely,0.329
avenue,0.163
controlled,0.329
victory,0.867
legally,0.657
warner,-0.864
twist,0.817
license,-0.259
trash,-0.629
within,0.841
news,0.833
campaign,-0.221
dash,-0.934
ton,0.839
cute,0.919
consolidated,0.824
running,0.13
strings,0.458
motorcycle,0.151
delete,-0.825
arc,0.822
access,0.832
responsibility,0.33
birth,0.965
high,0.198
roof,-0.218
picking,0.215
plains,-0.803
public,-0.81
propose,-0.853
prisoner,-0.855
licence,-0.259
barry,0.867
alerts,0.66
beneath,-0.449
raleigh,0.175
finish,0.543
fine,0.543
tower,0.987
refer,0.816
enquiry,0.161
blocks,-0.794
rugs,-0.871
older,0.851
bang,0.841
mothers,0.27
ethical,0.775
updated,0.833
struggle,-0.983
denied,-0.139
cardiovascular,0.66
beliefs,0.329
bodies,-0.991
board,-0.167
profits,0.8
oral,0.8
order,0.293
memorabilia,0.863
switch,-0.902
poverty,-0.651
cancel,-0.771
subcommittee,0.854
grace,0.66
fame,0.88
beginners,0.806
lime,0.965
mustang,-0.236
orange,-0.839
advanced,0.921
marble,0.792
unexpected,0.801
muslims,0.842
trim,0.779
coral,0.878
porter,-0.657
keen,0.659
round,-0.78
faster,0.939
audit,0.226
mardi,0.875
dean,0.868
slightly,-0.955
defend,0.946
priest,0.754
promise,0.878
loose,0.28
babe,0.835
racing,0.811
earl,0.829
indicator,0.323
regards,0.847
declared,-0.879
contest,-0.5
hungry,-0.564
thread,0.207
player,0.659
manuals,0.845
attach,-0.825
blah,-0.823
bands,-0.94
messenger,-0.276
newbie,0.998
plain,-0.803
romance,0.66
eastern,0.543
dimensions,0.844
talented,0.6
flavor,0.985
protect,0.209
travel,0.926
casinos,0.844
yorkshire,0.814
belongs,-0.811
conf,0.132
idle,-0.198
comparison,0.237
genes,-0.816
formerly,0.853
philips,0.703
shannon,0.852
aggregate,0.155
wiley,-0.958
contract,0.273
chances,0.801
stock,0.836
venture,0.839
inputs,0.845
affairs,-0.386
children,0.89
provisions,-0.847
immigrants,-0.847
angel,0.119
hence,0.149
soft,0.871
handle,0.537
tremendous,0.792
fee,-0.378
observe,0.898
logging,-0.169
starter,-0.877
carmen,0.66
robin,0.285
brokers,-0.465
hunt,-0.448
employer,0.819
surround,-0.191
highway,0.198
dependent,-0.855
break,-0.372
acute,0.861
adjust,0.146
determines,0.66
saturn,0.849
accurate,0.785
medium,0.859
possess,0.861
drums,0.871
vegetable,0.29
probability,0.835
detailed,0.839
debug,0.273
worldwide,0.864
contributed,0.8
grain,0.191
talking,-0.873
wear,-0.968
partnership,0.466
discharge,0.411
attempts,0.841
seed,0.121
aluminum,0.812
mats,0.108
parliamentary,-0.167
clean,0.967
social,0.798
lol,0.917
demands,-0.222
acid,-0.866
rover,-0.776
giants,0.839
charms,0.999
enters,0.831
favorite,0.329
determine,0.66
tanks,0.788
costume,-0.827
declare,0.791
suppose,0.2
specifics,0.863
injury,-0.966
minimize,-0.945
handbook,0.801
discovered,0.913
viral,-0.168
camping,-0.221
join,0.797
blues,-0.808
watershed,0.793
arrest,-0.409
widely,0.17
chamber,-0.697
refurbished,0.826
mortality,-0.631
chemistry,0.827
open,0.659
easy,0.329
punishment,-0.411
sheet,0.136
dennis,-0.139
involving,0.865
lyric,0.417
raise,0.522
jungle,0.443
doll,-0.805
concord,0.132
address,0.794
messages,-0.276
sight,-0.33
safer,0.174
weighted,-0.774
forums,0.952
look,0.895
smoke,-0.787
heated,-0.482
candles,0.878
returns,0.824
dispute,-0.439
columnists,0.761
capital,0.804
version,0.137
advance,0.848
verbal,0.844
hiv,-0.877
angeles,0.119
nested,0.615
market,0.875
jade,-0.87
values,0.156
proxy,0.172
ranked,0.867
prove,0.541
toner,0.196
rent,-0.812
totals,0.122
mario,0.875
needle,0.89
characters,0.66
independent,0.85
frequently,0.801
strip,-0.408
responses,0.33
suit,0.198
mutual,0.793
shipped,0.863
binding,-0.31
harrison,-0.798
frank,0.659
earnings,0.224
love,0.66
immune,0.891
scales,-0.851
origin,0.847
hydraulic,0.76
examines,0.859
performed,0.843
borders,-0.329
proposals,-0.853
princess,0.168
recorders,0.824
recordings,0.841
bull,0.831
palace,0.851
aimed,0.255
filters,0.816
wizard,0.843
measurement,0.163
barbara,-0.999
stanford,0.837
miscellaneous,0.32
urgent,-0.674
terminal,-0.21
klein,-0.617
programmers,0.153
clearance,0.893
moved,0.809
nuclear,-0.237
airports,-0.955
acne,-0.498
raises,0.522
probably,0.835
climb,-0.968
reset,0.805
keywords,0.873
republican,-0.818
congress,0.132
free,0.827
submitted,-0.899
asbestos,-0.154
indexes,0.756
consumers,0.804
biodiversity,-0.575
lace,0.699
ending,-0.783
quickly,0.46
newly,0.833
tracking,-0.873
modern,0.832
message,-0.276
worn,-0.803
obtaining,0.366
circles,-0.871
veteran,0.926
mold,-0.493
singh,0.152
commitments,-0.854
trunk,-0.852
saints,0.84
font,0.913
biology,-0.81
tenant,-0.876
grow,0.996
racks,-0.877
breaking,-0.372
visited,0.826
brooks,-0.826
breeding,0.617
favorites,0.329
differently,-0.833
hampton,-0.899
influence,0.855
diversity,0.938
focused,0.66
briefing,-0.899
write,0.179
guitars,0.777
lord,0.621
expand,0.914
moving,0.847
peeing,-0.26
wow,0.815
inline,-0.487
reflected,0.877
conflict,-0.209
channels,0.948
effects,-0.993
vitamins,0.782
museum,0.932
alternate,0.293
barbie,0.865
expressed,0.881
enables,0.695
reason,0.17
grams,0.554
bright,0.977
margaret,0.875
born,0.958
affair,-0.386
superior,0.958
accept,0.33
mentor,0.981
enrolled,0.968
environmental,0.85
visitors,0.826
monkey,-0.604
walk,-0.844
equality,0.888
parliament,-0.167
accompanied,0.622
designer,0.834
camel,0.599
brazilian,0.841
literary,0.883
published,0.796
doe,0.852
tamil,-0.94
carriers,0.146
dimension,0.844
bronze,0.846
fonts,0.913
tribe,-0.835
revenues,0.137
online,0.276
unified,0.881
wishlist,0.79
prophet,0.892
retained,0.204
fuzzy,-0.804
spas,-0.83
limit,-0.809
rice,-0.82
solved,0.816
mild,0.468
alter,-0.186
unlimited,0.809
vacancies,-0.854
experiment,0.82
savannah,-0.842
formal,0.803
control,0.329
consider,0.368
helped,0.66
awesome,0.28
tea,0.233
framed,-0.905
alarm,-0.66
unwrap,-0.846
mechanisms,0.137
birds,0.85
higher,0.198
bras,-0.784
offensive,-0.861
thickness,0.11
supporters,0.823
incidence,-0.675
cork,0.175
constant,0.637
install,0.82
evaluate,0.171
humanity,0.869
pieces,0.812
buffer,0.573
immediate,-0.79
establish,0.404
managing,0.778
canyon,-0.823
louis,-0.871
drum,0.871
commission,-0.854
instructors,0.461
lovers,0.66
barrel,0.867
radio,0.567
charles,0.66
constraints,-0.265
loop,-0.796
exterior,0.856
deadline,-0.811
strategies,0.658
focus,0.66
prince,0.833
specify,0.863
require,-0.815
pediatric,0.96
tough,-0.81
established,0.404
frederick,0.827
framework,-0.905
fill,0.199
same,0.842
garbage,-0.558
targets,-0.861
wells,0.865
administrators,0.887
paste,-0.172
columns,0.761
extend,0.851
veterans,0.926
vertex,-0.82
shelter,0.199
lung,-0.25
dining,0.943
cream,-0.832
coaches,0.847
friend,0.659
shipment,-0.853
epic,0.821
straight,-0.46
alien,-0.329
soap,-0.874
contrast,-0.532
records,0.811
summer,-0.962
miracle,-0.16
deposit,-0.412
governmental,0.835
sons,-0.913
complete,0.932
advisory,0.831
develop,0.843
deadly,-0.811
annoying,-0.33
cardiac,-0.813
learning,0.828
tops,0.814
younger,0.849
generates,0.827
landscapes,-0.892
consequence,0.782
grip,-0.957
resistance,0.875
proposal,0.534
perceived,0.791
pie,0.812
extends,0.851
celebrity,0.987
combo,0.841
soviet,-0.843
sessions,0.949
ordinance,-0.811
linking,0.784
adventures,0.66
invite,0.172
orbit,0.944
jewellery,0.848
sister,0.907
feedback,0.925
nature,0.848
peninsula,0.807
dump,-0.371
directories,0.876
courage,0.66
fatty,-0.563
dive,-0.762
privilege,0.907
surfaces,0.299
beach,0.192
word,-0.946
degree,-0.865
original,0.302
physicians,0.698
realm,0.928
rid,-0.822
chase,0.853
accomplish,0.869
jeep,0.83
damages,-0.951
strap,-0.218
split,-0.182
babies,0.835
warned,-0.789
missed,-0.782
portuguese,-0.83
bug,-0.273
property,0.313
witness,0.822
parks,-0.813
preparing,0.157
coordinates,0.804
conceptual,0.986
wonder,0.999
vast,-0.465
race,0.876
unusual,-0.133
computed,0.774
human,0.869
median,0.882
rob,-0.823
extensions,0.863
stress,-0.329
allows,0.849
indexed,0.756
detect,-0.888
buck,-0.539
pencil,-0.774
circus,-0.809
significance,0.289
required,-0.815
attacked,-0.39
similar,0.98
enhanced,0.853
renew,0.869
booking,-0.949
black,-0.841
steady,0.942
gazette,0.399
provider,0.87
blocking,-0.794
surgical,0.895
granny,0.891
scan,-0.611
toll,-0.287
deeper,0.864
reviewer,0.805
lottery,0.921
experienced,0.986
senate,0.847
equity,0.929
char,-0.845
disputes,-0.439
suspension,-0.329
changing,0.948
reserve,0.848
missile,-0.847
offerings,0.815
wilson,0.239
think,-0.781
nick,0.659
silicon,-0.316
zealand,0.999
raising,0.522
apart,-0.893
wet,0.867
bookmarks,0.852
increasingly,0.811
boxed,-0.809
insects,-0.291
philosophy,0.889
gore,-0.869
sure,0.329
meyer,-0.619
chick,-0.155
funk,-0.791
startup,-0.922
durable,0.186
carlos,0.66
trailers,0.831
tunnel,-0.845
reed,-0.573
present,0.828
bouquet,0.152
needed,-0.22
juvenile,0.776
establishment,0.404
leads,0.855
paperback,0.84
lab,0.818
respected,0.659
withdrawal,-0.769
springs,0.899
throws,-0.414
thumbnails,0.827
blank,-0.908
goal,0.833
commander,-0.825
permits,0.855
specialists,0.91
million,0.869
dolls,-0.805
quest,0.981
golden,0.828
submission,0.28
peers,-0.26
draft,-0.639
virus,-0.229
punk,0.981
reviewed,0.828
budgets,-0.842
geek,-0.863
began,-0.602
indigenous,-0.769
arrive,0.828
security,0.329
ultra,0.925
golf,0.129
diploma,0.996
node,0.312
acrobat,0.804
sullivan,-0.82
define,-0.572
whats,-0.85
plasma,0.144
apollo,0.918
captured,-0.762
manually,0.845
spears,0.204
pairs,0.183
luxury,0.835
crop,0.116
accuracy,0.602
threads,0.207
lighter,-0.804
herbal,0.822
lauren,-0.86
disorders,-0.293
filled,0.199
magical,0.756
readily,0.934
blow,-0.95
sufficiently,0.601
strong,0.878
combined,0.875
modelling,0.903
sector,-0.179
interpreted,0.261
maple,-0.869
valid,0.989
predict,0.861
grande,0.837
semiconductor,0.175
rules,0.842
fleece,0.859
shift,-0.463
mad,-0.659
chinese,-0.158
charges,-0.831
looking,0.895
lesser,-0.241
tampa,0.822
undertake,0.813
appointed,0.85
administered,0.887
parent,-0.167
query,0.848
admissions,0.232
awarded,0.841
villages,-0.863
occasionally,-0.815
precision,-0.806
spectacular,0.776
batteries,-0.55
accurately,0.785
championships,0.852
sellers,0.761
centered,0.764
provincial,-0.881
does,0.852
prayer,0.92
pockets,0.824
correspondence,0.192
blonde,0.147
receivers,0.837
margin,0.875
thumbnail,0.827
defects,-0.933
beat,0.817
death,-0.897
affects,0.66
developing,0.843
bryant,0.767
madonna,-0.659
parking,-0.813
brake,0.826
adult,0.836
gorgeous,0.996
looks,0.895
swedish,0.185
cloud,-0.096
severe,-0.265
travels,0.926
inherited,0.786
william,0.832
rally,0.175
styles,0.777
violent,-0.977
evidence,-0.808
comfort,0.329
trio,0.848
richmond,0.883
afford,0.108
galaxy,0.907
confusion,-0.329
christmas,0.97
pushing,-0.863
sale,-0.833
musician,0.192
dynamics,0.909
molecular,-0.16
belief,0.329
safety,0.174
object,-0.19
throw,-0.414
tap,-0.887
forge,-0.827
reaching,0.792
failed,-0.94
package,0.966
powell,-0.799
puerto,0.621
races,0.876
apartments,-0.893
clause,-0.13
conducted,0.79
root,0.312
governing,0.835
summary,0.217
bald,-0.154
rough,-0.659
reproduce,0.847
recording,0.841
colleague,0.897
messaging,-0.276
big,0.779
archived,0.846
lead,0.858
airline,-0.819
nascar,0.79
flights,0.907
promising,0.936
respondent,0.121
fraud,-0.285
combat,-0.862
amino,0.864
legend,0.863
bond,0.966
historic,0.877
currently,0.877
beast,0.774
flow,0.498
cleaning,0.967
philip,0.703
charger,-0.831
century,0.764
pick,0.215
camp,-0.221
commercial,-0.596
coding,-0.783
bonus,0.957
excessive,-0.857
encounter,0.869
moses,-0.817
leader,-0.855
peer,-0.26
protein,0.179
claim,-0.23
visit,0.826
unnecessary,-0.906
printed,-0.793
remembered,0.922
tab,0.19
poll,-0.433
browser,0.877
technological,0.833
catch,0.202
church,-0.951
worst,-0.82
dropped,-0.406
happen,0.659
lemon,-0.841
reports,-0.83
clubs,0.756
priority,0.624
banners,-0.94
cartoon,0.158
logos,-0.169
advisors,0.831
power,0.66
hardly,-0.28
customs,0.839
sailing,-0.829
restructuring,0.529
tournament,0.177
rapids,0.826
tax,0.81
conspiracy,-0.605
opponent,0.782
christopher,-0.896
generally,-0.816
rebound,0.777
browsing,0.877
electricity,-0.945
quotes,0.864
encountered,0.869
offering,0.472
zen,0.282
responsible,0.33
possibility,-0.881
individual,0.135
balance,0.892
wheat,0.147
wearing,0.988
harper,-0.798
covers,0.145
sparc,0.829
premiere,0.83
relate,0.902
depending,-0.233
request,0.296
invalid,0.834
disorder,-0.875
picks,0.887
understand,0.816
problem,-0.408
hunger,-0.432
rates,-0.224
find,-0.826
infrared,0.905
card,0.66
vital,0.822
softball,0.871
oracle,0.597
tube,0.775
tones,0.196
skip,-0.814
allied,0.691
appeal,-0.439
peoples,-0.796
controls,0.329
cove,0.191
volumes,0.123
style,0.777
flows,0.498
departments,0.811
updates,0.833
catalogue,0.871
supplemental,-0.812
gothic,-0.866
tumor,-0.889
forests,-0.825
enhancements,0.962
merchant,-0.795
karma,0.817
skilled,0.842
help,0.66
candy,0.843
haven,0.838
concerned,-0.945
describing,0.869
cowboy,0.829
outline,-0.859
tropical,0.812
channel,0.948
patch,-0.612
wrong,-0.877
disciplinary,-0.205
treated,0.992
variety,0.906
lights,0.877
closure,-0.774
subtle,0.873
confused,-0.329
developmental,0.843
fabulous,0.4
angels,0.119
deeply,0.864
flour,0.177
drama,0.475
dryer,-0.825
literature,0.798
inserted,0.942
tooth,-0.871
jewel,0.848
poster,-0.881
clarke,0.271
consists,0.867
pregnancy,0.9
availability,0.805
ensures,-0.575
workers,0.844
enjoy,0.66
tournaments,0.177
decade,-0.81
conclusions,0.853
ranging,0.945
soul,0.984
relevance,0.783
catalyst,-0.864
prize,0.893
bare,-0.927
teaching,0.88
darwin,0.934
packaging,0.966
customized,0.811
requires,-0.815
velvet,-0.184
directed,0.876
franchise,0.113
picnic,0.786
great,0.999
paragraph,0.934
circuits,-0.819
caribbean,0.66
wheel,0.269
rebel,-0.862
respondents,0.121
wagon,0.845
friendship,0.659
insights,0.867
virtually,0.239
trustee,0.659
links,0.784
coverage,0.145
beginner,0.806
suffer,-0.66
obtain,0.366
treasure,0.191
wireless,0.998
warriors,0.796
patrick,0.678
puppy,0.958
sunshine,0.959
disposal,0.663
notebook,0.187
sensors,0.789
winds,-0.223
policies,-0.918
peterson,0.819
convert,0.95
post,-0.881
spokesman,0.865
condo,0.29
customers,0.839
pace,0.966
switching,0.803
addressed,0.794
patricia,0.678
churches,-0.951
acer,0.781
contracts,0.273
experiences,0.965
included,0.13
labs,0.818
restricted,-0.43
graduate,0.186
prairie,0.851
ballot,-0.998
easily,0.329
careful,0.66
backup,0.867
underground,-0.216
elizabeth,0.854
windsor,-0.223
final,0.804
scoop,0.336
meetup,0.825
plane,0.659
accepted,0.33
hawk,-0.855
preston,0.811
plus,0.328
scanning,-0.611
transcripts,0.794
spreading,0.643
challenges,-0.768
important,0.875
defensive,0.873
catering,-0.863
fingers,0.543
moss,0.302
possible,0.306
matter,-0.181
resolve,0.816
corners,0.787
brochure,0.861
marketplace,0.875
ethnic,0.826
evident,-0.808
rounds,-0.78
fantasy,0.856
fun,0.66
committees,-0.854
graph,0.207
spy,0.881
circuit,-0.819
opposed,-0.475
forecast,0.884
forty,0.788
deserve,0.816
considered,0.368
crazy,-0.329
lake,0.821
membership,-0.185
clinical,0.854
support,0.823
paper,0.84
sigma,0.824
compact,0.434
behaviour,0.831
omissions,-0.849
volkswagen,-0.781
several,-0.265
suited,0.198
publishing,0.122
ecology,0.929
coast,0.137
sender,0.873
newsletters,0.873
slowly,-0.524
alan,0.803
dancing,0.831
boolean,0.883
rays,0.875
talk,-0.873
aims,0.255
pros,0.913
weddings,0.627
prostate,-0.837
para,-0.167
enter,0.831
terrain,-0.771
instantly,-0.837
route,0.214
rack,-0.877
expensive,-0.403
navy,0.141
baker,0.254
southwest,-0.873
ill,-0.82
boulevard,0.214
aids,-0.888
clouds,-0.096
arrived,0.828
masters,0.793
summit,0.772
explicit,0.783
consistent,0.911
emerging,0.778
string,0.219
cruise,-0.804
development,0.843
aluminium,-0.977
grave,-0.842
digital,-0.869
respiratory,0.81
metals,-0.597
outlook,-0.877
inquiries,-0.857
needs,-0.22
buys,0.527
ears,0.829
sink,-0.873
flip,0.883
redeem,0.799
update,0.833
fairfield,0.329
least,-0.899
edit,0.902
promised,0.878
bankruptcy,-0.83
dome,0.163
surrounded,-0.191
credits,0.8
talent,0.6
bacterial,0.843
barely,-0.927
highways,0.198
liberty,0.826
versus,0.137
teens,-0.83
deaths,-0.897
buzz,0.806
chen,-0.301
specialized,0.91
leadership,0.863
gale,0.182
mark,0.875
gathering,-0.851
good,0.659
scheduled,0.817
prayers,0.92
independence,0.883
large,0.877
applicant,0.235
lined,0.859
resource,0.88
poultry,-0.826
ease,0.329
patches,-0.906
seeds,0.121
seafood,0.857
winner,0.809
ceiling,0.81
mechanical,0.857
quote,0.864
directly,0.876
lose,-0.795
marker,-0.178
trademarks,0.781
movements,-0.87
oval,-0.793
ivory,0.943
convergence,0.805
bridges,0.798
lopez,0.189
chargers,-0.831
light,0.877
limousines,0.178
cartoons,0.158
funding,-0.782
elite,0.885
happy,0.659
technical,0.907
general,-0.816
silk,-0.204
fraser,-0.905
halifax,-0.991
quarters,-0.846
brand,-0.784
merit,0.834
rights,-0.833
browsers,-0.8
reflects,-0.825
wilderness,0.851
tolerance,0.29
lawsuit,-0.849
arrangements,0.856
radical,-0.877
stuff,-0.694
renaissance,0.986
vocal,0.84
pending,-0.904
previous,0.9
welcome,0.833
fashion,0.836
harm,-0.805
newsletter,0.873
reached,0.792
smooth,0.659
navigate,-0.817
linked,0.784
search,0.891
ventures,0.839
bench,0.846
guide,0.912
star,0.938
dead,-0.811
dressing,0.792
dozens,-0.8
reply,0.107
wide,0.164
beneficial,0.641
celebs,0.901
hacker,0.803
bacteria,0.843
shut,-0.286
pressed,0.9
founder,0.859
awful,-0.659
suggested,0.306
keyword,0.873
compiled,-0.8
achieving,0.858
containers,0.994
amend,0.865
entertainment,0.801
reporters,0.823
dark,-0.889
rewards,0.815
parental,-0.863
katrina,-0.814
express,0.881
momentum,0.804
gene,-0.816
everything,-0.955
permitted,-0.81
employers,0.85
maternity,-0.2
compete,0.91
soma,0.849
tan,0.788
pupils,0.879
platforms,-0.845
none,-0.846
background,-0.877
calm,0.66
coaching,-0.959
carolina,0.66
written,0.179
most,0.164
buried,-0.912
fax,-0.9
dies,-0.901
creek,-0.826
snap,-0.66
chain,0.849
collectors,0.329
saving,0.865
bidding,0.139
remark,0.885
limited,-0.809
korea,-0.822
instead,-0.942
laundry,0.856
qualified,0.495
yarn,0.843
vendors,-0.66
ant,-0.161
disclaimer,-0.86
peter,0.819
verified,0.113
frozen,-0.217
tests,-0.486
promo,0.785
discussions,0.864
beauty,0.834
motor,0.316
duplicate,-0.855
rangers,0.945
girl,-0.257
rouge,-0.78
birthday,0.867
equipped,0.135
pat,0.678
half,-0.991
scenarios,-0.835
scored,0.79
knowledge,0.837
religions,0.804
vector,0.821
commissions,-0.854
excellent,0.773
farming,0.181
references,0.843
crest,-0.554
pointed,0.832
pro,0.852
revision,0.984
opens,0.659
stage,-0.764
compute,0.774
auditor,0.154
biggest,0.779
dressed,-0.819
ray,0.875
adopted,0.126
tutorial,0.762
editorial,0.831
labor,0.818
retro,0.839
aspect,-0.801
fig,0.821
cultural,0.312
technique,0.907
grand,0.837
library,0.767
corner,0.787
visa,0.826
chaos,-0.443
clone,-0.795
party,0.614
encouraged,0.66
mountains,0.859
session,0.949
reforms,0.844
math,0.879
worm,-0.457
treasurer,0.811
brings,0.135
subdivision,0.762
presently,0.828
aqua,0.823
contact,0.132
released,0.827
endorsed,0.822
hats,-0.66
overcome,0.834
receive,0.837
cross,0.843
volleyball,-0.879
advisor,0.831
total,0.122
rapid,0.826
linear,0.82
liberal,0.828
rankings,-0.66
towers,0.987
responding,0.121
scratch,-0.836
rap,0.807
hint,0.974
adding,0.794
engine,0.827
quad,-0.846
recycling,-0.83
impression,0.659
gaps,-0.173
requests,0.296
xp,0.66
progress,0.881
triangle,0.87
lips,0.218
server,0.483
demand,-0.222
gadgets,0.811
pull,-0.825
fibre,0.614
contains,0.132
respond,0.121
trip,-0.216
retreat,0.81
pig,-0.557
certainly,0.846
relief,0.999
pension,-0.312
drill,-0.818
ladies,0.815
through,-0.626
financing,0.543
crowd,-0.859
latest,0.133
plymouth,-0.814
dear,-0.99
serve,0.886
partners,0.549
commands,-0.871
versions,0.137
newest,0.858
afraid,-0.659
surge,-0.876
intelligent,0.825
medieval,0.857
euro,0.137
feel,-0.378
cornwall,-0.833
denial,-0.139
wicked,-0.999
lightning,-0.255
approximately,-0.82
army,0.838
experience,0.965
division,-0.762
broader,0.877
silly,-0.329
sunrise,0.958
recipe,0.162
command,-0.871
lodge,-0.865
fixed,-0.906
available,0.952
officer,0.866
carroll,-0.803
devil,-0.999
minds,0.834
promoted,0.844
truly,0.152
boards,-0.167
prepaid,0.89
empire,0.991
attachments,0.825
promptly,0.802
commented,0.943
remarks,-0.871
campus,-0.221
queen,0.228
temporarily,-0.811
sharp,0.822
comic,0.971
payday,0.841
expanding,0.914
amanda,0.984
executed,0.126
removal,-0.271
marina,-0.82
sleeping,0.91
scale,-0.851
rick,-0.82
fits,0.847
screw,-0.829
behavior,-0.832
fought,-0.404
rage,-1.0
antenna,-0.94
engaged,0.873
extraordinary,0.802
mouth,0.968
robert,0.285
templates,0.838
duck,-0.87
hearts,0.874
colleges,0.287
whatever,-0.85
expense,-0.403
offered,0.815
pleased,0.598
translator,0.887
isolated,-0.329
dependence,-0.855
damage,-0.881
performer,0.843
ruled,0.842
performing,0.843
electric,-0.945
maintains,0.84
configured,0.132
eliminate,-0.246
towards,0.978
risks,0.783
cloudy,-0.096
handmade,0.855
comparing,0.237
addressing,0.794
replaced,-0.894
recipient,0.986
fluid,0.114
aid,0.764
dress,0.899
kinase,0.215
things,-0.781
mineral,0.847
bringing,0.135
slow,-0.524
immediately,-0.79
consumer,0.804
cord,-0.999
shelf,-0.786
bowling,0.873
baking,0.254
std,-0.273
proceeds,0.31
placement,0.659
refund,0.284
freedom,0.827
springfield,0.899
integral,0.84
comparisons,-0.861
compared,0.237
launches,0.864
penn,0.233
reserved,0.848
disappointed,-0.659
port,-0.83
playlist,0.659
decision,0.215
dish,0.871
pavilion,0.877
centre,0.764
reuters,-0.81
purchased,0.96
specs,0.801
sciences,0.774
mounted,0.781
fair,0.329
teen,-0.893
complaints,-0.141
portraits,-0.83
addresses,0.794
impose,-0.339
obesity,-0.789
preserve,0.512
judgment,-0.191
concerning,-0.945
technology,0.82
campbell,-0.221
real,0.872
standard,0.174
lesson,0.887
soup,-0.839
relates,0.902
salt,-0.79
recorder,0.824
allergy,-0.861
jake,0.807
headset,-0.851
kernel,0.156
walks,-0.844
chambers,-0.697
industry,0.984
trustees,0.659
swingers,-0.904
counsel,0.869
stream,0.136
barn,-0.853
arthur,0.793
heritage,0.928
presented,0.828
refined,-0.878
neural,-0.199
adequate,0.342
introducing,0.786
joke,-0.77
saver,0.693
decline,-0.963
protocols,0.895
capability,0.817
buffalo,-0.549
travelling,0.926
gravity,-0.842
enjoying,0.66
legal,0.657
entering,0.847
dresses,-0.819
portfolio,-0.803
maria,0.875
able,0.454
right,-0.833
warnings,-0.236
wire,-0.998
subsidiary,0.76
reduced,-0.184
supplier,0.818
words,-0.946
receptor,0.789
outdoors,0.835
ads,-0.83
pair,0.183
fiber,0.796
fairly,0.329
creates,0.819
alice,0.259
hall,-0.991
gem,0.904
neck,0.554
marks,0.875
grad,0.554
yeah,0.22
dietary,-0.789
conduct,0.339
sponsors,0.809
odds,-0.959
illness,-0.82
forest,-0.825
reduce,-0.184
left,0.912
concrete,0.899
villas,-0.863
youth,0.81
goals,0.807
stewart,0.447
senior,0.898
scroll,0.775
matt,-0.176
voluntary,0.996
combining,0.875
religious,0.785
coleman,0.161
minority,-0.871
occur,-0.833
darkness,0.934
bookstore,-0.991
heather,-0.869
tears,-0.93
premium,0.853
pulled,0.235
motors,0.316
publish,0.122
regime,-0.778
focusing,0.66
gage,-0.809
martha,-0.989
reform,0.844
allowing,0.78
reporter,0.823
mambo,0.465
carol,0.66
endangered,-0.812
breaks,-0.372
marking,-0.832
bird,0.85
commissioners,-0.854
strictly,-0.225
ethics,0.786
letters,0.834
warrant,-0.79
voted,0.772
river,-0.207
infected,-0.103
shed,-0.786
strategy,0.658
flash,0.828
teach,0.88
signals,0.884
meaningful,0.881
clay,-0.846
profit,0.8
pose,-0.881
advise,0.831
stem,0.24
fellowship,0.814
cole,0.287
operated,0.43
edge,-0.789
fare,0.181
viewed,0.828
dealing,-0.864
nominated,0.829
helpful,0.66
autumn,-0.53
early,0.829
restored,0.933
thriller,0.66
guard,-0.568
gossip,-0.615
syntax,0.178
essays,0.877
found,0.859
database,0.977
serum,-0.847
underwear,-0.216
interim,-0.855
metric,-0.669
central,0.764
fairy,0.971
success,0.962
singer,0.258
kiss,0.787
interval,-0.893
select,0.105
surface,0.299
trail,0.831
burner,-0.873
pocket,0.824
allah,0.493
complement,0.183
mount,0.781
bubble,-0.807
unable,-0.988
riding,0.939
flame,-0.849
composite,0.832
league,0.878
comments,0.943
prefer,0.524
connected,0.132
young,0.825
distributors,0.617
traveller,0.926
researcher,-0.794
gamma,0.815
desperate,-0.999
begun,-0.602
broadband,0.877
lover,0.66
calculate,0.356
dig,-0.869
believe,0.959
sculpture,0.119
empty,-0.329
washer,-0.771
bowl,-0.236
informal,0.245
fundraising,0.46
opponents,0.782
default,0.637
pepper,-0.873
globe,-0.851
unity,0.891
industries,0.984
neutral,0.934
relax,0.66
falling,-0.996
bottom,0.902
accompanying,0.563
constantly,0.637
reject,-0.329
unless,0.241
eye,0.768
principles,0.137
salad,0.248
crossing,-0.84
refresh,0.817
pharmacology,0.834
gas,0.975
regulatory,-0.829
logan,-0.169
expert,0.829
bad,-0.659
trains,0.785
speed,0.853
doctrine,-0.871
failure,-0.771
architect,0.795
crack,-0.664
instance,0.954
blond,0.147
absolute,0.602
excluded,-0.885
ideas,0.908
dense,0.094
shadow,-0.816
corporate,0.967
signature,0.817
alumni,0.841
liable,-0.81
korean,-0.822
hart,-0.798
silent,-0.853
consist,0.867
major,0.835
redhead,0.815
delivery,0.843
pittsburgh,-0.28
broad,0.877
tourism,-0.94
crimes,-0.808
rico,-0.82
accessibility,0.832
obvious,-0.83
sitemap,0.869
sort,-0.329
weeks,-0.829
minimum,-0.321
nitrogen,0.847
improved,0.748
individuals,0.135
saw,-0.812
ranch,-0.66
writers,0.776
grammar,0.83
appreciate,0.659
defined,-0.778
breathing,0.816
arise,0.851
championship,0.852
biological,0.78
hartford,-0.798
debt,-0.968
rebates,0.801
coordinate,0.804
culture,0.312
reader,0.826
stone,0.811
engagement,0.885
marco,0.875
represents,0.832
grab,0.554
wagner,0.852
harbor,-0.798
specialty,0.91
clearly,0.865
chest,-0.312
bias,-0.848
quarter,-0.846
details,0.839
forced,-0.833
judicial,-0.188
physical,0.435
cigarette,-0.877
ladder,0.839
trick,-0.462
hansen,0.873
fix,0.649
adjusted,0.146
plaza,0.659
folk,0.811
superb,0.797
enable,0.695
roulette,-0.846
previews,0.848
material,0.108
electron,0.79
highly,0.198
sage,0.839
packed,0.966
doom,-0.885
privacy,0.845
finally,0.804
hindu,-0.309
worse,-0.603
charter,0.791
brother,0.762
prefix,0.9
robot,0.797
legendary,0.804
marie,0.875
alignment,0.802
whale,-0.85
agreed,0.659
process,0.536
strict,-0.225
toolbox,0.871
drunk,-0.841
pursue,0.802
longest,-0.329
trucks,0.21
drops,-0.406
plug,0.856
laden,-0.645
remedy,0.918
chevy,0.86
match,0.108
console,0.794
funny,0.66
elected,-0.945
weekend,0.465
madison,-0.659
banking,-0.94
guilty,-0.66
truck,0.84
attendance,0.82
expenditure,-0.811
full,0.838
employee,0.85
violence,-0.977
eagles,0.116
insider,0.776
complicated,-0.835
clan,-0.872
bow,-0.236
rich,0.883
anxiety,-0.33
marriott,0.814
broker,-0.465
storage,0.125
processor,0.831
enabling,0.695
cheapest,0.836
pure,0.863
boom,0.781
register,0.845
silver,0.186
conversion,0.877
ocean,0.76
declined,-0.963
sympathy,0.329
recorded,0.824
cold,-0.93
acknowledge,0.282
disabled,-0.856
told,-0.851
plots,-0.846
charts,0.784
scared,-0.659
opening,0.659
palm,0.794
advantages,0.785
familiar,0.66
lack,-0.847
wanted,0.826
bundle,0.577
vocals,0.84
lately,-0.242
dominican,0.163
creature,-0.855
threat,-0.563
logical,0.839
thank,0.329
guides,0.912
suits,0.198
regard,0.847
upload,0.813
execute,0.126
stages,-0.764
posts,-0.881
poison,-0.94
keno,0.879
brain,0.984
soil,0.903
art,0.793
hurricane,-0.881
special,0.91
frames,-0.905
cadillac,0.505
succeed,0.996
importance,0.875
volvo,-0.853
shade,-0.999
genesis,-0.816
surrounding,-0.191
modeling,0.903
volt,0.749
vision,0.969
filtering,0.816
switched,-0.902
runner,0.841
alt,0.839
halloween,0.76
drugs,-0.793
oxygen,0.766
invision,-0.969
mental,0.198
oxide,-0.201
employ,-0.889
panel,0.861
lakes,0.821
agenda,0.652
gasoline,0.114
toilet,-0.86
shuttle,0.847
powder,0.123
stockings,0.28
considering,0.368
achievements,0.858
eddie,-0.827
cotton,-0.145
involve,0.865
physically,0.435
injured,-0.684
games,-0.853
pads,-0.849
tension,-0.329
submit,-0.899
herald,0.9
counters,0.793
beginning,-0.602
finals,0.804
naughty,-0.329
comply,0.189
aerial,-0.896
synthesis,0.825
matched,0.108
monitors,-0.793
spider,-0.583
christ,-0.896
warcraft,-0.836
deluxe,0.751
forbes,-0.814
delicious,0.329
candidate,-0.273
carries,0.146
quiet,0.33
accordingly,0.273
please,0.855
shares,0.874
counted,0.793
rock,0.819
favors,0.329
sans,0.152
icons,0.316
removable,0.853
princeton,0.833
burst,-0.843
slope,-0.898
delight,1.0
handles,0.537
evening,-0.955
substances,0.954
adults,-0.843
ensure,-0.575
fully,0.838
similarly,0.863
secrets,-0.835
counter,0.793
fundamentals,0.831
acrylic,0.66
craft,0.923
gibraltar,0.397
preceding,0.82
wise,0.895
wings,0.809
examine,0.121
administrator,0.887
boot,0.844
accessed,0.832
fighters,0.879
module,0.692
quarterly,-0.823
alto,0.171
joy,0.66
ignore,-0.279
provided,0.87
serious,0.329
portsmouth,-0.83
login,-0.169
agrees,0.329
champion,0.852
couples,-0.838
raymond,0.875
chapters,0.216
graduated,0.186
rebate,0.801
permit,0.855
escape,0.272
intelligence,0.877
recipes,0.162
doubt,-0.329
increase,0.811
attacks,-0.39
privileges,0.907
parallel,0.783
remote,-0.857
truth,0.659
pacific,0.376
wind,-0.223
couple,-0.838
ranking,0.837
period,0.973
carter,0.66
implied,-0.797
relying,0.874
comment,0.943
raised,0.522
allocated,0.853
disaster,-0.841
measures,0.124
polish,0.676
fog,-0.16
close,-0.878
dispatch,0.972
gap,-0.189
diabetes,-0.865
trading,0.781
booth,0.844
convenience,0.401
writes,0.179
badge,-0.607
servers,0.483
disclose,-0.829
old,-0.605
inform,0.87
incoming,0.861
suite,0.198
genealogy,-0.816
surveys,0.329
sells,0.782
scanner,0.181
dispatched,0.972
advocate,0.847
branch,0.293
veterinary,-0.813
precious,0.879
postcards,0.66
consent,0.196
dozen,-0.8
offers,0.8
growth,0.996
drawing,0.475
burns,-0.873
arrow,0.781
diet,0.17
impressive,0.659
enemy,-0.933
generated,0.827
penguin,0.233
tank,0.788
farmer,0.181
funds,0.756
whether,0.928
mechanics,-0.823
banks,-0.94
soldiers,0.486
cheap,0.836
customise,0.837
mixture,0.319
suitable,0.198
testament,-0.486
developed,0.843
carey,0.66
amateur,-0.182
walls,-0.844
applicants,0.235
buddy,-0.758
olympics,0.805
stamp,0.311
dice,0.965
handling,0.847
earthquake,-0.841
forever,0.132
sea,0.175
uploaded,0.813
meaning,0.881
strengths,0.85
worcester,0.15
subsequent,-0.807
consoles,0.794
asthma,-0.226
suggests,0.306
pen,0.233
target,-0.802
reducing,0.82
pulse,0.798
complaint,-0.141
happens,0.659
beverly,0.262
movement,-0.87
describe,0.869
pest,-0.798
industrial,0.984
chains,0.849
costumes,-0.827
sampling,0.117
ware,-0.836
influences,0.855
magic,0.756
situated,-0.817
spencer,-0.934
nova,0.793
polished,0.979
apparatus,0.236
rainbow,0.584
difficulty,-0.789
refine,0.543
hand,0.845
transcript,0.794
radar,0.786
qualify,0.495
millions,0.869
exempt,0.822
covering,0.145
blind,-0.887
prepared,0.157
align,0.802
height,0.184
mary,0.875
capture,0.65
kinds,0.66
drug,0.919
labels,0.856
prevent,-0.799
solving,0.816
pirates,-0.951
push,-0.863
guardian,-0.997
mainland,-0.859
colonial,0.841
springer,0.899
undergraduate,-0.216
null,-0.177
symptoms,-0.166
supply,0.811
gibson,0.397
spirit,0.645
species,0.853
postage,-0.881
judge,-0.861
ugly,-0.893
academic,0.853
cabinets,0.84
encouraging,0.66
helmet,-0.607
colors,0.287
degrees,-0.865
understanding,-0.216
survive,0.851
secure,0.329
gel,0.162
weekly,-0.829
borough,-0.329
east,0.329
witnesses,0.822
socket,0.154
blackberry,0.244
matthew,-0.181
significant,0.289
marriage,0.335
creator,0.819
constraint,-0.265
foul,-0.479
countries,0.793
correct,0.894
charming,0.999
receives,0.828
filter,0.816
floppy,0.793
scary,-0.914
fred,0.827
playback,0.659
junior,-0.226
england,-0.238
blessed,0.999
yang,0.887
treasures,0.191
hack,-0.853
discovery,0.913
across,0.84
modular,-0.778
iron,0.897
lookup,0.855
wires,-0.998
cement,0.853
flex,0.772
louise,-0.871
unique,0.871
top,0.814
accredited,0.323
sing,0.152
flexible,0.329
increasing,0.811
teacher,0.88
mainstream,0.887
ready,0.934
responded,0.121
obtained,0.366
adolescent,0.833
leaders,-0.855
surely,0.819
roommate,0.823
delivers,0.843
exclusion,-0.128
hill,-0.863
sick,-0.859
campaigns,-0.221
loving,0.66
everywhere,0.617
distributed,-0.812
gathered,-0.851
expressions,0.881
largest,0.877
basket,0.206
gray,0.554
fisher,-0.793
uncertainty,-0.99
carlo,0.66
supreme,0.771
carnival,0.501
souls,0.984
candle,0.878
enormous,0.871
arcade,0.822
bids,0.124
weight,-0.774
jewelry,0.659
designated,-0.86
copyrighted,0.879
upset,-0.329
mandate,-0.984
stars,-0.877
dutch,0.268
twelve,0.5
conscious,0.329
carbon,0.83
starring,0.863
officers,0.866
preview,0.848
virtual,0.239
survivors,0.851
issue,-0.271
interest,0.659
civil,0.949
feeding,-0.378
compounds,0.844
nose,0.847
pierre,0.812
cohen,0.149
replacing,-0.894
adverse,-0.873
complex,0.995
color,0.287
visits,0.826
followed,0.181
fabric,-0.809
lonely,-0.319
cooper,0.245
conflicts,-0.209
mechanism,0.137
curve,-0.867
boss,0.857
arrange,0.856
wound,-0.877
amended,-0.857
remains,0.887
nano,0.828
expenses,-0.403
spirituality,0.835
instances,0.954
specializing,0.91
ringtone,-0.818
contractor,0.9
stable,0.225
closest,-0.878
distribute,-0.812
mart,0.149
later,-0.242
charleston,0.66
hard,-0.305
porcelain,0.95
miami,-0.884
held,-0.98
eyes,0.768
sunny,0.909
polls,-0.918
stand,0.837
pipe,-0.241
oldest,0.813
smallest,-0.275
hugh,0.2
partnerships,0.466
depot,-0.941
pulling,-0.825
affiliated,0.836
appointments,0.85
progressive,0.881
vault,-0.876
earn,0.224
remove,-0.809
warming,0.94
hints,0.974
workplace,0.818
recovery,0.819
coordinator,0.804
deborah,0.329
departure,-0.812
cook,0.894
replacement,-0.894
marvel,0.851
arbitrary,-0.793
cure,0.918
merge,0.784
famous,0.891
sit,-0.817
waters,-0.854
preferred,0.825
depend,-0.233
dry,-0.825
ban,-0.18
temporary,-0.863
graphics,0.843
greensboro,0.768
teenage,0.792
planner,0.79
streaming,0.136
with,0.822
trials,0.78
patents,0.678
child,0.879
spouse,0.838
despite,0.329
robinson,0.285
shape,0.823
worship,0.923
rip,-0.911
electrical,-0.945
tribes,-0.835
pee,-0.26
sealed,-0.827
emergency,-0.887
perfume,0.987
strips,-0.703
costa,-0.472
competent,0.834
bermuda,-0.306
random,-0.775
targeted,-0.802
affiliates,0.885
contrary,-0.329
temporal,0.462
paths,0.678
deaf,0.848
fighter,0.879
rod,0.793
collect,0.329
hunter,-0.448
dishes,0.871
explain,0.218
moderators,0.951
index,0.756
proud,0.436
amendment,0.865
robbie,0.285
trend,0.691
sad,-0.66
reads,0.934
myth,-0.858
mobility,0.176
training,0.973
attack,-0.39
serves,0.886
indians,0.778
experimental,0.82
enlarge,0.911
dealt,0.2
topics,0.814
carl,0.66
lie,-0.929
clicks,0.823
loud,-0.224
bones,-0.414
contests,-0.5
valves,-0.598
luck,0.786
procedures,0.493
dynamic,0.909
benchmark,0.2
sorted,0.849
subscribe,0.799
brothers,0.762
cashiers,0.194
boulder,0.187
phenomenon,-0.868
draws,0.475
scope,-0.95
gardening,0.195
williams,0.832
mirrors,-0.881
skirts,0.309
hierarchy,0.871
appeals,-0.439
brush,0.277
muscles,0.842
clara,-0.846
slip,-0.466
terminals,-0.213
expanded,0.914
eden,0.797
nervous,-0.329
girlfriend,-0.257
adopt,0.126
democrats,0.809
membrane,-0.185
better,0.833
prime,0.863
plans,0.659
suggest,0.306
henry,0.149
const,0.132
shipments,-0.853
blogger,-0.784
instructor,0.461
work,0.844
stuck,-0.782
tobacco,-0.766
lancaster,-0.869
aurora,0.857
levitra,-0.421
bring,0.135
dreams,0.259
regularly,0.849
fuel,0.869
management,0.778
sewing,-0.171
apparel,0.202
flag,0.185
waves,-0.876
brief,-0.899
rely,0.874
report,0.305
enhancing,0.853
queens,0.228
insulin,0.21
gaming,0.81
thinking,-0.781
radius,0.567
chancellor,0.801
rats,-0.224
requiring,-0.815
generate,0.827
wishes,0.895
finite,0.543
idol,0.861
reliability,0.874
richard,0.883
senator,-0.836
ping,-0.82
cube,0.857
penny,0.291
patterns,-0.828
bridge,0.798
email,0.838
proteins,0.179
failing,-0.94
clearing,0.865
equally,0.888
represent,0.832
suspected,-0.822
ranger,0.945
rank,-0.935
tales,0.819
boring,-0.329
periodically,0.594
construct,0.442
pursuant,0.86
frame,-0.503
eclipse,-0.427
knock,0.226
dance,0.886
museums,0.932
lender,0.232
huge,0.2
motorcycles,0.151
trial,0.78
casual,-0.859
rule,0.842
ciao,0.869
bone,0.966
surf,0.329
length,-0.24
registrar,0.822
consultancy,0.132
stocks,0.871
infringement,-0.889
con,-0.489
stolen,-0.902
orchestra,0.881
falls,-0.419
fears,-0.66
reserves,0.848
deferred,-0.193
expression,0.881
losses,-0.795
integer,0.776
dollar,0.967
agents,0.652
macro,0.831
origins,0.847
accessories,0.832
spending,0.848
burton,-0.617
contributors,0.501
boxes,-0.809
numbers,-0.471
interference,-0.264
collar,0.442
rehab,0.789
worked,0.844
avatar,0.835
recruitment,-0.835
intermediate,0.868
heath,0.815
wallpaper,0.609
patrol,0.847
polyester,0.788
delay,-0.199
hazardous,-0.166
florists,0.176
saves,0.797
combines,0.837
compile,-0.8
reach,0.792
bank,-0.94
empirical,0.991
bigger,0.779
reasonable,0.17
protocol,0.895
mess,-0.276
tribune,-0.835
added,0.794
matching,0.764
curves,-0.867
foreign,-0.402
exclusive,0.859
naturals,0.848
breath,0.853
career,0.66
latter,-0.242
busy,-0.81
magnet,0.912
performance,0.843
forces,0.786
containing,0.132
vitamin,0.782
instrumental,0.957
crime,-0.808
collector,0.329
intel,0.841
crossword,0.841
occasion,0.835
outstanding,0.776
capable,0.621
stands,0.837
save,0.693
bath,0.861
indoor,0.835
goat,0.869
francis,0.224
stainless,-0.277
intended,0.167
russell,-0.861
frequencies,0.204
label,0.856
loops,-0.796
breach,-0.576
spend,0.848
revenge,-0.893
disclaimers,-0.86
exploring,0.938
study,0.199
pitch,0.177
mars,0.875
admission,0.232
rocket,-0.836
ancient,0.444
configure,0.132
touched,0.855
cash,0.865
heights,0.184
blood,-0.921
lower,0.242
diego,-0.901
occurs,-0.833
brought,0.836
precise,0.912
waterproof,0.803
divided,-0.193
stunning,0.871
thinks,-0.781
discounts,0.859
father,-0.563
reminder,0.817
reflect,0.877
replies,0.107
colon,0.841
arts,0.793
stopping,-0.797
helps,0.66
broken,-0.854
minerals,0.847
posing,-0.788
understood,-0.216
credit,0.8
visibility,0.826
visitor,0.826
typing,0.829
lean,0.901
bottles,0.754
feat,0.88
valve,-0.598
longitude,-0.478
described,0.869
colour,0.287
widespread,0.801
weak,-0.329
difference,-0.833
flush,-0.814
war,-0.836
array,0.329
nicole,0.659
bloom,0.166
nickname,-0.169
theology,0.85
solid,0.935
abraham,0.784
reveal,0.799
connectors,0.132
manga,-0.793
specials,0.91
efficient,0.237
mobiles,0.176
astronomy,0.845
divisions,-0.762
battlefield,-0.118
ace,0.781
elderly,0.409
teddy,-0.421
deny,-0.934
diamond,0.161
toddler,0.908
accepts,0.33
highlighted,0.835
chester,0.86
carrying,0.146
tagged,-0.806
sheep,-0.786
health,0.998
monitored,-0.793
suicide,-0.821
surprised,0.329
cheat,-0.425
shaft,0.863
pierce,-0.249
strain,-0.825
shield,0.855
surplus,-0.856
manager,0.778
experiments,0.82
solo,0.797
alive,0.652
advised,0.831
walker,-0.844
nudist,-0.768
riders,0.831
armstrong,0.838
luggage,0.885
harmful,-0.798
guards,-0.568
nowhere,-0.879
swap,-0.863
cost,-0.472
skirt,0.309
retrieve,0.83
dream,0.259
outlined,-0.859
fallen,-0.99
beam,0.876
bracket,-0.983
papers,0.84
imagine,0.246
interviews,0.814
global,-0.851
washing,-0.771
ball,-0.139
encoding,0.167
expired,-0.835
richardson,0.883
intake,0.812
french,0.269
battle,-0.249
charm,0.999
spine,-0.879
finds,-0.826
fireplace,-0.859
graphs,0.207
indices,-0.965
prohibited,-0.796
selected,0.105
restrict,-0.43
sandra,-0.896
pray,0.851
striking,0.803
spiritual,0.136
managed,0.778
streams,0.136
champions,0.852
admit,0.392
fight,-0.265
rise,0.783
summaries,0.217
started,-0.877
plate,0.822
talked,-0.873
reliance,0.874
inkjet,0.155
glossary,0.84
hate,-0.66
carrier,0.146
impacts,0.878
trusted,0.659
controversy,-0.947
located,0.828
guided,0.912
nylon,0.833
rand,-0.66
calcium,-0.875
arrives,0.828
posters,-0.881
fixtures,-0.868
visible,-0.809
webster,-0.954
york,0.814
sonic,0.833
read,0.934
duo,-0.926
himself,0.493
expires,-0.89
advocacy,0.889
normally,0.548
agreement,0.329
novel,0.871
reference,0.843
announce,0.884
varying,0.984
codes,0.213
inspired,0.659
theft,0.956
decades,-0.81
plays,0.659
directors,0.876
rear,0.952
bytes,0.788
approved,0.958
ordered,0.293
commerce,-0.596
charge,-0.831
polo,-0.918
fixes,0.649
weights,-0.774
fountain,0.889
maintaining,0.84
science,0.774
density,0.759
musical,0.427
referral,0.689
banner,-0.94
includes,0.13
imposed,-0.339
brad,-0.784
invited,0.172
super,0.826
thermal,0.792
broke,-0.465
henderson,0.968
periods,0.973
issued,0.207
chart,0.221
prizes,0.893
grove,0.813
energy,0.999
tender,0.66
parish,0.177
resources,0.88
phantom,-0.844
powered,0.66
writer,0.776
receiver,0.837
curriculum,0.81
personalized,0.806
reading,0.571
sequence,0.807
pharmacies,-0.218
indicated,0.253
ceo,0.839
distant,-0.845
overall,-0.161
calculated,0.839
smile,0.66
census,0.764
gospel,0.874
musicians,0.815
relay,0.874
stan,0.837
glory,0.999
banned,-0.94
threatening,-0.563
cubic,-0.906
permanent,0.825
supplies,0.818
tribal,-0.835
aboriginal,0.265
seal,-0.251
stake,0.835
cartridges,0.66
current,0.877
anonymous,-0.829
habitat,-0.851
tribute,0.843
garage,0.859
revenue,0.137
learned,0.771
cultures,0.312
village,-0.863
blowing,-0.95
translate,0.887
depression,-0.999
warm,0.829
welfare,0.426
late,-0.242
welding,0.84
normal,0.548
forum,0.952
natural,0.848
currencies,0.877
robertson,0.285
spotlight,0.843
rapidly,0.826
techno,0.907
rosa,0.231
acids,-0.866
locked,-0.328
publishers,0.197
players,0.659
architectural,-0.78
lost,-0.82
appreciated,0.659
purchase,0.96
everybody,-0.955
bomb,-0.402
jump,0.783
painful,-0.803
manner,-0.883
cooler,0.329
bleeding,-0.797
max,0.832
stood,0.158
proper,0.239
guaranteed,0.17
everyday,-0.955
vincent,-0.818
characterized,0.797
bell,0.776
wins,0.809
engineering,0.827
measured,0.786
indicators,0.323
extra,0.923
contractors,0.9
fast,0.939
volunteer,0.827
police,-0.918
digest,0.951
bradford,-0.784
dosage,-0.79
shake,-0.196
lovely,0.798
mailed,-0.91
headers,-0.851
convenient,0.401
disciplines,0.142
handbags,-0.833
decreased,-0.212
remind,0.284
glad,0.999
apartment,-0.893
implemented,0.762
pensions,-0.312
rug,-0.871
resist,-0.44
refused,-0.481
neighbor,0.854
monetary,0.207
budget,-0.842
vista,0.826
evaluated,0.171
walked,-0.844
employment,-0.845
mainly,0.887
alone,-0.21
expenditures,-0.811
planners,0.79
ecological,0.929
obituaries,-0.796
range,0.945
include,0.13
recommends,0.872
dealer,-0.883
airlines,-0.819
locate,0.828
attended,0.82
spectrum,0.823
fiscal,-0.811
employees,-0.858
lease,-0.899
inquiry,0.203
monsters,-0.922
chapel,0.183
athletes,0.841
wanna,0.826
yacht,0.851
behavioral,0.574
delays,-0.199
mistakes,-0.288
technologies,0.82
money,0.237
poems,0.166
eat,0.848
gentleman,0.168
undertaken,0.813
diamonds,0.161
coordinated,0.804
buyers,0.527
subsidiaries,0.76
policy,-0.918
transit,0.834
threatened,-0.563
artwork,0.198
reel,-0.852
wales,-0.885
source,0.165
flux,-0.804
